{
  "total_records": 20000,
  "total_features": 41,
  "price_stats": {
    "mean": 508.216945,
    "median": 469.05,
    "std": 229.2127291783287,
    "min": 73.2,
    "max": 1095.65,
    "q25": 337.4,
    "q75": 640.7
  },
  "area_stats": {
    "mean": 103.2634,
    "median": 101.0,
    "std": 34.265658131814135,
    "min": 30.0,
    "max": 194.0
  },
  "district_distribution": {
    "天河区": 4010,
    "海珠区": 3660,
    "越秀区": 2969,
    "白云区": 2964,
    "荔湾区": 2402,
    "黄埔区": 2013,
    "番禺区": 1982
  },
  "bedroom_distribution": {
    "3.0": 9015,
    "2.0": 5058,
    "4.0": 3955,
    "1.0": 997,
    "4.5": 975
  }
}